Prediction 1,Prediction 2,Prediction 3,Sureness 1,Sureness 2,Sureness 3,Iter Num,L1 Distance
4,3,4,0.9999392032623291,0.9999982118606567,1.0,1,2756
4,9,5,1.0,0.9999998807907104,0.752550482749939,3,0
7,2,2,0.9997060894966125,1.0,1.0,3,3390
