Prediction 1,Prediction 2,Prediction 3,Sureness 1,Sureness 2,Sureness 3,Iter Num,L1 Distance
7,2,2,0.9983286261558533,1.0,0.9987785220146179,1,0
4,3,4,0.5346176624298096,0.9996405839920044,1.0,0,3751
3,7,7,0.7223081588745117,0.9999997615814209,1.0,2,2412
