Prediction 1,Prediction 2,Prediction 3,Sureness 1,Sureness 2,Sureness 3,Iter Num,L1 Distance
7,5,5,0.5838688015937805,0.9999984502792358,1.0,1,54
3,3,7,0.963746964931488,0.9999997615814209,0.9997010231018066,0,0
7,7,6,0.9840666055679321,0.9999963045120239,0.9994766116142273,0,370
