Prediction 1,Prediction 2,Prediction 3,Sureness 1,Sureness 2,Sureness 3,Iter Num,L1 Distance
8,6,4,0.942979633808136,0.9618632793426514,0.9801554083824158,1,21010
8,8,4,0.9796552658081055,0.924365222454071,0.7240301966667175,9,36914
3,0,0,0.6021347045898438,0.999920129776001,0.7715744376182556,7,27132
