Prediction 1,Prediction 2,Prediction 3,Sureness 1,Sureness 2,Sureness 3,Iter Num,L1 Distance
7,7,2,1.0,0.9996122717857361,1.0,0,2773
7,7,2,1.0,1.0,1.0,0,3378
7,7,2,1.0,0.9689837098121643,0.9929165840148926,0,495
