Prediction 1,Prediction 2,Prediction 3,Sureness 1,Sureness 2,Sureness 3,Iter Num,L2 Distance,Generation Time
dung_beetle,rhinoceros_beetle,rhinoceros_beetle,0.5064127445220947,0.9272038340568542,0.9837725758552551,15,13651.927446335189,256.296875
goblet,vase,vase,0.44444170594215393,0.9632442593574524,0.972244143486023,15,14555.998694696287,257.984375
indri,colobus,colobus,0.44269752502441406,0.9047091603279114,0.9998268485069275,6,14345.782516126474,116.625
necklace,bolo_tie,bolo_tie,0.27275991439819336,0.9563134908676147,0.9983419179916382,24,14383.745026939263,401.0625
bonnet,hair_slide,hair_slide,0.12573197484016418,0.27832117676734924,0.8913995027542114,4,11482.827874700552,86.578125
