Prediction 1,Prediction 2,Prediction 3,Sureness 1,Sureness 2,Sureness 3,Iter Num,L1 Distance
7,7,4,0.9980575442314148,1.0,0.9986792206764221,0,1708
7,7,2,0.9999994039535522,1.0,0.9999986886978149,1,1126
7,7,2,1.0,0.9999881982803345,1.0,0,2514
