Prediction 1,Prediction 2,Prediction 3,Sureness 1,Sureness 2,Sureness 3,Iter Num,L2 Distance
4,4,9,0.9999748468399048,0.9769132137298584,0.429293692111969,2,0.0
0,9,9,0.6009684801101685,0.9996746778488159,0.9764725565910339,0,0.0
6,7,1,0.9983905553817749,0.9999973773956299,0.9999947547912598,1,0.0
