Prediction 1,Prediction 2,Prediction 3,Sureness 1,Sureness 2,Sureness 3,Iter Num,L1 Distance
8,6,8,0.9230303764343262,0.9257839322090149,0.7615309953689575,1,117556
3,2,2,0.988723635673523,0.9778565764427185,0.8876916766166687,0,73132
